{"nm":"Composizione 1","ddd":0,"h":1080,"w":1080,"meta":{"g":"@lottiefiles/toolkit-js 0.26.1"},"layers":[{"ty":4,"nm":"check-icon contorni","sr":1,"st":0,"op":3600,"ip":4.8,"hd":false,"ddd":0,"bm":0,"hasMask":false,"ao":0,"ks":{"a":{"a":0,"k":[160,157.5,0],"ix":1},"s":{"a":0,"k":[346.292,346.292,100],"ix":6},"sk":{"a":0,"k":0},"p":{"a":0,"k":[540,540,0],"ix":2},"r":{"a":0,"k":0,"ix":10},"sa":{"a":0,"k":0},"o":{"a":0,"k":100,"ix":11}},"ef":[],"shapes":[{"ty":"gr","bm":0,"hd":false,"mn":"ADBE Vector Group","nm":"Gruppo 1","ix":1,"cix":2,"np":3,"it":[{"ty":"sh","bm":0,"hd":false,"mn":"ADBE Vector Shape - Group","nm":"Tracciato 1","ix":1,"d":1,"ks":{"a":0,"k":{"c":true,"i":[[79.271,0.274],[0.274,-79.271],[-79.271,-0.274],[-0.274,79.271]],"o":[[-79.271,-0.274],[-0.274,79.271],[79.271,0.274],[0.274,-79.271]],"v":[[0.5,-144.5],[-144.5,-0.5],[-0.5,144.5],[144.5,0.5]]},"ix":2}},{"ty":"tm","bm":0,"hd":false,"mn":"ADBE Vector Filter - Trim","nm":"Taglia tracciati 1","ix":2,"e":{"a":1,"k":[{"o":{"x":0.838,"y":0},"i":{"x":0.162,"y":1},"s":[0],"t":-2.398},{"s":[100],"t":101}],"ix":2},"o":{"a":0,"k":0,"ix":3},"s":{"a":0,"k":0,"ix":1},"m":1},{"ty":"st","bm":0,"hd":false,"mn":"ADBE Vector Graphic - Stroke","nm":"Traccia 1","lc":2,"lj":1,"ml":10,"o":{"a":0,"k":100,"ix":4},"w":{"a":0,"k":18,"ix":5},"c":{"a":0,"k":[0,0.2314,0.7412],"ix":3}},{"ty":"tr","a":{"a":0,"k":[0,0],"ix":1},"s":{"a":0,"k":[100,100],"ix":3},"sk":{"a":0,"k":0,"ix":4},"p":{"a":0,"k":[160.5,157],"ix":2},"r":{"a":0,"k":0,"ix":6},"sa":{"a":0,"k":0,"ix":5},"o":{"a":0,"k":100,"ix":7}}]},{"ty":"gr","bm":0,"hd":false,"mn":"ADBE Vector Group","nm":"Gruppo 2","ix":2,"cix":2,"np":3,"it":[{"ty":"sh","bm":0,"hd":false,"mn":"ADBE Vector Shape - Group","nm":"Tracciato 1","ix":1,"d":1,"ks":{"a":0,"k":{"c":false,"i":[[0,0],[-15.833,-15.485],[0,0]],"o":[[15.833,15.485],[0,0],[0,0]],"v":[[-71.25,1.044],[-23.75,47.5],[71.25,-47.5]]},"ix":2}},{"ty":"tm","bm":0,"hd":false,"mn":"ADBE Vector Filter - Trim","nm":"Taglia tracciati 1","ix":2,"e":{"a":1,"k":[{"o":{"x":0.896,"y":0},"i":{"x":0.235,"y":1},"s":[0],"t":96},{"s":[100],"t":139}],"ix":2},"o":{"a":0,"k":0,"ix":3},"s":{"a":0,"k":0,"ix":1},"m":1},{"ty":"st","bm":0,"hd":false,"mn":"ADBE Vector Graphic - Stroke","nm":"Traccia 1","lc":2,"lj":1,"ml":10,"o":{"a":0,"k":100,"ix":4},"w":{"a":0,"k":18,"ix":5},"c":{"a":0,"k":[0,0.2314,0.7412],"ix":3}},{"ty":"tr","a":{"a":0,"k":[0,0],"ix":1},"s":{"a":0,"k":[100,100],"ix":3},"sk":{"a":0,"k":0,"ix":4},"p":{"a":0,"k":[160.5,157],"ix":2},"r":{"a":0,"k":0,"ix":6},"sa":{"a":0,"k":0,"ix":5},"o":{"a":0,"k":100,"ix":7}}]}],"ind":1}],"v":"5.9.6","fr":120,"op":143,"ip":0,"assets":[]}