{
  "project_info": {
    "project_number": "1096869010053",
    "project_id": "charming-bolt-421212",
    "storage_bucket": "charming-bolt-421212.appspot.com"
  },
  "client": [
    {
      "client_info": {
        "mobilesdk_app_id": "1:1096869010053:android:57090f352122fc0a2727ec",
        "android_client_info": {
          "package_name": "com.example.event_spot"
        }
      },
      "oauth_client": [],
      "api_key": [
        {
          "current_key": "AIzaSyAxXxInEPkxLE_QLt9XcUXIyMexA_SD0GU"
        }
      ],
      "services": {
        "appinvite_service": {
          "other_platform_oauth_client": []
        }
      }
    },
    {
      "client_info": {
        "mobilesdk_app_id": "1:1096869010053:android:030b799402e520092727ec",
        "android_client_info": {
          "package_name": "com.nodescale.buzzmap"
        }
      },
      "oauth_client": [],
      "api_key": [
        {
          "current_key": "AIzaSyAxXxInEPkxLE_QLt9XcUXIyMexA_SD0GU"
        }
      ],
      "services": {
        "appinvite_service": {
          "other_platform_oauth_client": []
        }
      }
    }
  ],
  "configuration_version": "1"
}